Feature,Importance
PM2.5,0.79200816
PM10,0.12464655
month_cos,0.044048626
hour_cos,0.005349105
Temperature,0.0045705293
Humidity,0.004540313
hour_sin,0.004201955
NO2,0.00407008
CO,0.0039886325
SO2,0.003772729
month_sin,0.0034300575
day_of_week,0.003152316
is_weekend,0.0022208777
